--------------------------------------------------------
--  File created - Wednesday-January-18-2023   
--------------------------------------------------------
--------------------------------------------------------
--  DDL for Table BOOK
--------------------------------------------------------

  CREATE TABLE "PROJECT502"."BOOK" 
   (	"BOOKID" NUMBER(5,0), 
	"BOOK_NAME" VARCHAR2(100 BYTE), 
	"BOOK_AUTHOR" VARCHAR2(100 BYTE), 
	"BOOK_PRICE" NUMBER(10,2), 
	"ISBN" VARCHAR2(20 BYTE), 
	"SUPPLIER_ID" NUMBER(5,0), 
	"PUBLICATION_DATE" DATE, 
	"IMAGE_URL" VARCHAR2(200 BYTE)
   ) SEGMENT CREATION IMMEDIATE 
  PCTFREE 10 PCTUSED 40 INITRANS 1 MAXTRANS 255 NOCOMPRESS LOGGING
  STORAGE(INITIAL 65536 NEXT 1048576 MINEXTENTS 1 MAXEXTENTS 2147483645
  PCTINCREASE 0 FREELISTS 1 FREELIST GROUPS 1 BUFFER_POOL DEFAULT FLASH_CACHE DEFAULT CELL_FLASH_CACHE DEFAULT)
  TABLESPACE "SYSTEM" ;
--------------------------------------------------------
--  DDL for Table INV_BOOK
--------------------------------------------------------

  CREATE TABLE "PROJECT502"."INV_BOOK" 
   (	"INVID" NUMBER(5,0), 
	"BOOKID" NUMBER(5,0), 
	"QUANTITY" NUMBER(5,0), 
	"PURCHASE_PRICE" NUMBER(10,2)
   ) SEGMENT CREATION IMMEDIATE 
  PCTFREE 10 PCTUSED 40 INITRANS 1 MAXTRANS 255 NOCOMPRESS LOGGING
  STORAGE(INITIAL 65536 NEXT 1048576 MINEXTENTS 1 MAXEXTENTS 2147483645
  PCTINCREASE 0 FREELISTS 1 FREELIST GROUPS 1 BUFFER_POOL DEFAULT FLASH_CACHE DEFAULT CELL_FLASH_CACHE DEFAULT)
  TABLESPACE "SYSTEM" ;
--------------------------------------------------------
--  DDL for Table INVENTORY
--------------------------------------------------------

  CREATE TABLE "PROJECT502"."INVENTORY" 
   (	"INVID" NUMBER(5,0), 
	"STAFFID" NUMBER(5,0), 
	"PURCHASE_DATE" DATE
   ) SEGMENT CREATION IMMEDIATE 
  PCTFREE 10 PCTUSED 40 INITRANS 1 MAXTRANS 255 NOCOMPRESS LOGGING
  STORAGE(INITIAL 65536 NEXT 1048576 MINEXTENTS 1 MAXEXTENTS 2147483645
  PCTINCREASE 0 FREELISTS 1 FREELIST GROUPS 1 BUFFER_POOL DEFAULT FLASH_CACHE DEFAULT CELL_FLASH_CACHE DEFAULT)
  TABLESPACE "SYSTEM" ;
--------------------------------------------------------
--  DDL for Table MANAGER
--------------------------------------------------------

  CREATE TABLE "PROJECT502"."MANAGER" 
   (	"STAFFID" NUMBER(5,0), 
	"BONUS" NUMBER(10,2)
   ) SEGMENT CREATION IMMEDIATE 
  PCTFREE 10 PCTUSED 40 INITRANS 1 MAXTRANS 255 NOCOMPRESS LOGGING
  STORAGE(INITIAL 65536 NEXT 1048576 MINEXTENTS 1 MAXEXTENTS 2147483645
  PCTINCREASE 0 FREELISTS 1 FREELIST GROUPS 1 BUFFER_POOL DEFAULT FLASH_CACHE DEFAULT CELL_FLASH_CACHE DEFAULT)
  TABLESPACE "SYSTEM" ;
--------------------------------------------------------
--  DDL for Table STAFF
--------------------------------------------------------

  CREATE TABLE "PROJECT502"."STAFF" 
   (	"STAFFID" NUMBER(5,0), 
	"FIRST_NAME" VARCHAR2(50 BYTE), 
	"LAST_NAME" VARCHAR2(50 BYTE), 
	"PHONE_NUMBER" VARCHAR2(20 BYTE), 
	"SALARY" NUMBER(10,2), 
	"HIRE_DATE" DATE, 
	"PASSWORD" VARCHAR2(255 BYTE), 
	"POSITION" VARCHAR2(50 BYTE), 
	"SUPERVISOR_ID" NUMBER(5,0), 
	"EMAIL" VARCHAR2(50 BYTE), 
	"ADDRESS" VARCHAR2(100 BYTE)
   ) SEGMENT CREATION IMMEDIATE 
  PCTFREE 10 PCTUSED 40 INITRANS 1 MAXTRANS 255 NOCOMPRESS LOGGING
  STORAGE(INITIAL 65536 NEXT 1048576 MINEXTENTS 1 MAXEXTENTS 2147483645
  PCTINCREASE 0 FREELISTS 1 FREELIST GROUPS 1 BUFFER_POOL DEFAULT FLASH_CACHE DEFAULT CELL_FLASH_CACHE DEFAULT)
  TABLESPACE "SYSTEM" ;
--------------------------------------------------------
--  DDL for Table SUPPLIER
--------------------------------------------------------

  CREATE TABLE "PROJECT502"."SUPPLIER" 
   (	"SUPPLIER_ID" NUMBER(5,0), 
	"SUPPLIER_NAME" VARCHAR2(50 BYTE), 
	"SUPPLIER_ADDRESS" VARCHAR2(100 BYTE), 
	"CONTACT_PERSON" VARCHAR2(50 BYTE), 
	"PHONE_NUMBER" VARCHAR2(20 BYTE)
   ) SEGMENT CREATION IMMEDIATE 
  PCTFREE 10 PCTUSED 40 INITRANS 1 MAXTRANS 255 NOCOMPRESS LOGGING
  STORAGE(INITIAL 65536 NEXT 1048576 MINEXTENTS 1 MAXEXTENTS 2147483645
  PCTINCREASE 0 FREELISTS 1 FREELIST GROUPS 1 BUFFER_POOL DEFAULT FLASH_CACHE DEFAULT CELL_FLASH_CACHE DEFAULT)
  TABLESPACE "SYSTEM" ;
REM INSERTING into PROJECT502.BOOK
SET DEFINE OFF;
Insert into PROJECT502.BOOK (BOOKID,BOOK_NAME,BOOK_AUTHOR,BOOK_PRICE,ISBN,SUPPLIER_ID,PUBLICATION_DATE,IMAGE_URL) values (3,'Book 3','Author 3',15,'1234567890125',3,to_date('01/08/2022','DD/MM/RRRR'),'assets/img/product/Jujutsu_kaisen.png');
Insert into PROJECT502.BOOK (BOOKID,BOOK_NAME,BOOK_AUTHOR,BOOK_PRICE,ISBN,SUPPLIER_ID,PUBLICATION_DATE,IMAGE_URL) values (1,'Book 1','Author 1',10,'1234567890123',1,to_date('01/06/2022','DD/MM/RRRR'),'assets/img/product/Jujutsu_kaisen.png');
Insert into PROJECT502.BOOK (BOOKID,BOOK_NAME,BOOK_AUTHOR,BOOK_PRICE,ISBN,SUPPLIER_ID,PUBLICATION_DATE,IMAGE_URL) values (2,'Book 2','Author 2',12,'1234567890124',2,to_date('01/07/2022','DD/MM/RRRR'),'image2.jpg');
REM INSERTING into PROJECT502.INV_BOOK
SET DEFINE OFF;
Insert into PROJECT502.INV_BOOK (INVID,BOOKID,QUANTITY,PURCHASE_PRICE) values (1,1,10,20);
Insert into PROJECT502.INV_BOOK (INVID,BOOKID,QUANTITY,PURCHASE_PRICE) values (1,2,5,5);
Insert into PROJECT502.INV_BOOK (INVID,BOOKID,QUANTITY,PURCHASE_PRICE) values (2,3,6,10);
Insert into PROJECT502.INV_BOOK (INVID,BOOKID,QUANTITY,PURCHASE_PRICE) values (3,3,20,50);
REM INSERTING into PROJECT502.INVENTORY
SET DEFINE OFF;
Insert into PROJECT502.INVENTORY (INVID,STAFFID,PURCHASE_DATE) values (1,1,to_date('01/04/2022','DD/MM/RRRR'));
Insert into PROJECT502.INVENTORY (INVID,STAFFID,PURCHASE_DATE) values (2,2,to_date('01/05/2022','DD/MM/RRRR'));
Insert into PROJECT502.INVENTORY (INVID,STAFFID,PURCHASE_DATE) values (3,2,to_date('18/01/2023','DD/MM/RRRR'));
REM INSERTING into PROJECT502.MANAGER
SET DEFINE OFF;
Insert into PROJECT502.MANAGER (STAFFID,BONUS) values (1,10000);
REM INSERTING into PROJECT502.STAFF
SET DEFINE OFF;
Insert into PROJECT502.STAFF (STAFFID,FIRST_NAME,LAST_NAME,PHONE_NUMBER,SALARY,HIRE_DATE,PASSWORD,POSITION,SUPERVISOR_ID,EMAIL,ADDRESS) values (1,'John','Doe','1234567890',50000,to_date('01/01/2022','DD/MM/RRRR'),'$2y$10$iU4qfAxvlzAX5qLWCwkeGOkiSHGTXUpjtaDSy9fWo5k63Msoqjpgu','Manager',null,'john@email.com','123 Main St');
Insert into PROJECT502.STAFF (STAFFID,FIRST_NAME,LAST_NAME,PHONE_NUMBER,SALARY,HIRE_DATE,PASSWORD,POSITION,SUPERVISOR_ID,EMAIL,ADDRESS) values (2,'Albert','Doe','1234567890',100000,to_date('01/01/2021','DD/MM/RRRR'),'$2y$10$iU4qfAxvlzAX5qLWCwkeGOkiSHGTXUpjtaDSy9fWo5k63Msoqjpgu','Staff',1,'123@email.com','123');
REM INSERTING into PROJECT502.SUPPLIER
SET DEFINE OFF;
Insert into PROJECT502.SUPPLIER (SUPPLIER_ID,SUPPLIER_NAME,SUPPLIER_ADDRESS,CONTACT_PERSON,PHONE_NUMBER) values (1,'Supplier 1','123 Elm St','John Doe','+1 123 456 7890');
Insert into PROJECT502.SUPPLIER (SUPPLIER_ID,SUPPLIER_NAME,SUPPLIER_ADDRESS,CONTACT_PERSON,PHONE_NUMBER) values (2,'Supplier 2','456 Oak St','Jane Smith','+1 123 456 7891');
Insert into PROJECT502.SUPPLIER (SUPPLIER_ID,SUPPLIER_NAME,SUPPLIER_ADDRESS,CONTACT_PERSON,PHONE_NUMBER) values (3,'Supplier 3','789 Pine St','Bob Johnson','+1 123 456 7892');
--------------------------------------------------------
--  DDL for Index BOOKID_PK
--------------------------------------------------------

  CREATE UNIQUE INDEX "PROJECT502"."BOOKID_PK" ON "PROJECT502"."BOOK" ("BOOKID") 
  PCTFREE 10 INITRANS 2 MAXTRANS 255 COMPUTE STATISTICS 
  STORAGE(INITIAL 65536 NEXT 1048576 MINEXTENTS 1 MAXEXTENTS 2147483645
  PCTINCREASE 0 FREELISTS 1 FREELIST GROUPS 1 BUFFER_POOL DEFAULT FLASH_CACHE DEFAULT CELL_FLASH_CACHE DEFAULT)
  TABLESPACE "SYSTEM" ;
--------------------------------------------------------
--  DDL for Index SYS_C007323
--------------------------------------------------------

  CREATE UNIQUE INDEX "PROJECT502"."SYS_C007323" ON "PROJECT502"."INV_BOOK" ("INVID", "BOOKID") 
  PCTFREE 10 INITRANS 2 MAXTRANS 255 COMPUTE STATISTICS 
  STORAGE(INITIAL 65536 NEXT 1048576 MINEXTENTS 1 MAXEXTENTS 2147483645
  PCTINCREASE 0 FREELISTS 1 FREELIST GROUPS 1 BUFFER_POOL DEFAULT FLASH_CACHE DEFAULT CELL_FLASH_CACHE DEFAULT)
  TABLESPACE "SYSTEM" ;
--------------------------------------------------------
--  DDL for Index INVID_PK
--------------------------------------------------------

  CREATE UNIQUE INDEX "PROJECT502"."INVID_PK" ON "PROJECT502"."INVENTORY" ("INVID") 
  PCTFREE 10 INITRANS 2 MAXTRANS 255 COMPUTE STATISTICS 
  STORAGE(INITIAL 65536 NEXT 1048576 MINEXTENTS 1 MAXEXTENTS 2147483645
  PCTINCREASE 0 FREELISTS 1 FREELIST GROUPS 1 BUFFER_POOL DEFAULT FLASH_CACHE DEFAULT CELL_FLASH_CACHE DEFAULT)
  TABLESPACE "SYSTEM" ;
--------------------------------------------------------
--  DDL for Index SYS_C007296
--------------------------------------------------------

  CREATE UNIQUE INDEX "PROJECT502"."SYS_C007296" ON "PROJECT502"."MANAGER" ("STAFFID") 
  PCTFREE 10 INITRANS 2 MAXTRANS 255 COMPUTE STATISTICS 
  STORAGE(INITIAL 65536 NEXT 1048576 MINEXTENTS 1 MAXEXTENTS 2147483645
  PCTINCREASE 0 FREELISTS 1 FREELIST GROUPS 1 BUFFER_POOL DEFAULT FLASH_CACHE DEFAULT CELL_FLASH_CACHE DEFAULT)
  TABLESPACE "SYSTEM" ;
--------------------------------------------------------
--  DDL for Index STAFFID_PK
--------------------------------------------------------

  CREATE UNIQUE INDEX "PROJECT502"."STAFFID_PK" ON "PROJECT502"."STAFF" ("STAFFID") 
  PCTFREE 10 INITRANS 2 MAXTRANS 255 COMPUTE STATISTICS 
  STORAGE(INITIAL 65536 NEXT 1048576 MINEXTENTS 1 MAXEXTENTS 2147483645
  PCTINCREASE 0 FREELISTS 1 FREELIST GROUPS 1 BUFFER_POOL DEFAULT FLASH_CACHE DEFAULT CELL_FLASH_CACHE DEFAULT)
  TABLESPACE "SYSTEM" ;
--------------------------------------------------------
--  DDL for Index SUPPLIER_ID_PK
--------------------------------------------------------

  CREATE UNIQUE INDEX "PROJECT502"."SUPPLIER_ID_PK" ON "PROJECT502"."SUPPLIER" ("SUPPLIER_ID") 
  PCTFREE 10 INITRANS 2 MAXTRANS 255 COMPUTE STATISTICS 
  STORAGE(INITIAL 65536 NEXT 1048576 MINEXTENTS 1 MAXEXTENTS 2147483645
  PCTINCREASE 0 FREELISTS 1 FREELIST GROUPS 1 BUFFER_POOL DEFAULT FLASH_CACHE DEFAULT CELL_FLASH_CACHE DEFAULT)
  TABLESPACE "SYSTEM" ;
--------------------------------------------------------
--  Constraints for Table BOOK
--------------------------------------------------------

  ALTER TABLE "PROJECT502"."BOOK" ADD CONSTRAINT "BOOKID_PK" PRIMARY KEY ("BOOKID")
  USING INDEX PCTFREE 10 INITRANS 2 MAXTRANS 255 COMPUTE STATISTICS 
  STORAGE(INITIAL 65536 NEXT 1048576 MINEXTENTS 1 MAXEXTENTS 2147483645
  PCTINCREASE 0 FREELISTS 1 FREELIST GROUPS 1 BUFFER_POOL DEFAULT FLASH_CACHE DEFAULT CELL_FLASH_CACHE DEFAULT)
  TABLESPACE "SYSTEM"  ENABLE;
  ALTER TABLE "PROJECT502"."BOOK" MODIFY ("IMAGE_URL" CONSTRAINT "IMAGE_URL_NN" NOT NULL ENABLE);
  ALTER TABLE "PROJECT502"."BOOK" MODIFY ("PUBLICATION_DATE" CONSTRAINT "PUBLICATION_DATE_NN" NOT NULL ENABLE);
  ALTER TABLE "PROJECT502"."BOOK" MODIFY ("SUPPLIER_ID" CONSTRAINT "SUPPLIER_ID_FK" NOT NULL ENABLE);
  ALTER TABLE "PROJECT502"."BOOK" MODIFY ("ISBN" CONSTRAINT "ISBN_NN" NOT NULL ENABLE);
  ALTER TABLE "PROJECT502"."BOOK" MODIFY ("BOOK_PRICE" CONSTRAINT "BOOK_PRICE_NN" NOT NULL ENABLE);
  ALTER TABLE "PROJECT502"."BOOK" MODIFY ("BOOK_AUTHOR" CONSTRAINT "BOOK_AUTHOR_NN" NOT NULL ENABLE);
  ALTER TABLE "PROJECT502"."BOOK" MODIFY ("BOOK_NAME" CONSTRAINT "BOOK_NAME_NN" NOT NULL ENABLE);
--------------------------------------------------------
--  Constraints for Table INV_BOOK
--------------------------------------------------------

  ALTER TABLE "PROJECT502"."INV_BOOK" ADD PRIMARY KEY ("INVID", "BOOKID")
  USING INDEX PCTFREE 10 INITRANS 2 MAXTRANS 255 COMPUTE STATISTICS 
  STORAGE(INITIAL 65536 NEXT 1048576 MINEXTENTS 1 MAXEXTENTS 2147483645
  PCTINCREASE 0 FREELISTS 1 FREELIST GROUPS 1 BUFFER_POOL DEFAULT FLASH_CACHE DEFAULT CELL_FLASH_CACHE DEFAULT)
  TABLESPACE "SYSTEM"  ENABLE;
  ALTER TABLE "PROJECT502"."INV_BOOK" MODIFY ("PURCHASE_PRICE" CONSTRAINT "PURCHASE_PRICE_NN" NOT NULL ENABLE);
  ALTER TABLE "PROJECT502"."INV_BOOK" MODIFY ("QUANTITY" CONSTRAINT "QUANTITY_NN" NOT NULL ENABLE);
  ALTER TABLE "PROJECT502"."INV_BOOK" MODIFY ("BOOKID" CONSTRAINT "BOOKID_FK" NOT NULL ENABLE);
  ALTER TABLE "PROJECT502"."INV_BOOK" MODIFY ("INVID" CONSTRAINT "INVID_FK" NOT NULL ENABLE);
--------------------------------------------------------
--  Constraints for Table INVENTORY
--------------------------------------------------------

  ALTER TABLE "PROJECT502"."INVENTORY" ADD CONSTRAINT "INVID_PK" PRIMARY KEY ("INVID")
  USING INDEX PCTFREE 10 INITRANS 2 MAXTRANS 255 COMPUTE STATISTICS 
  STORAGE(INITIAL 65536 NEXT 1048576 MINEXTENTS 1 MAXEXTENTS 2147483645
  PCTINCREASE 0 FREELISTS 1 FREELIST GROUPS 1 BUFFER_POOL DEFAULT FLASH_CACHE DEFAULT CELL_FLASH_CACHE DEFAULT)
  TABLESPACE "SYSTEM"  ENABLE;
  ALTER TABLE "PROJECT502"."INVENTORY" MODIFY ("PURCHASE_DATE" CONSTRAINT "PURCHASE_DATE_NN" NOT NULL ENABLE);
  ALTER TABLE "PROJECT502"."INVENTORY" MODIFY ("STAFFID" CONSTRAINT "STAFFID_FK" NOT NULL ENABLE);
--------------------------------------------------------
--  Constraints for Table MANAGER
--------------------------------------------------------

  ALTER TABLE "PROJECT502"."MANAGER" ADD PRIMARY KEY ("STAFFID")
  USING INDEX PCTFREE 10 INITRANS 2 MAXTRANS 255 COMPUTE STATISTICS 
  STORAGE(INITIAL 65536 NEXT 1048576 MINEXTENTS 1 MAXEXTENTS 2147483645
  PCTINCREASE 0 FREELISTS 1 FREELIST GROUPS 1 BUFFER_POOL DEFAULT FLASH_CACHE DEFAULT CELL_FLASH_CACHE DEFAULT)
  TABLESPACE "SYSTEM"  ENABLE;
  ALTER TABLE "PROJECT502"."MANAGER" MODIFY ("BONUS" CONSTRAINT "BONUS_NN" NOT NULL ENABLE);
--------------------------------------------------------
--  Constraints for Table STAFF
--------------------------------------------------------

  ALTER TABLE "PROJECT502"."STAFF" ADD CONSTRAINT "STAFFID_PK" PRIMARY KEY ("STAFFID")
  USING INDEX PCTFREE 10 INITRANS 2 MAXTRANS 255 COMPUTE STATISTICS 
  STORAGE(INITIAL 65536 NEXT 1048576 MINEXTENTS 1 MAXEXTENTS 2147483645
  PCTINCREASE 0 FREELISTS 1 FREELIST GROUPS 1 BUFFER_POOL DEFAULT FLASH_CACHE DEFAULT CELL_FLASH_CACHE DEFAULT)
  TABLESPACE "SYSTEM"  ENABLE;
  ALTER TABLE "PROJECT502"."STAFF" MODIFY ("ADDRESS" CONSTRAINT "ADDRESS_NN" NOT NULL ENABLE);
  ALTER TABLE "PROJECT502"."STAFF" MODIFY ("EMAIL" CONSTRAINT "EMAIL_NN" NOT NULL ENABLE);
  ALTER TABLE "PROJECT502"."STAFF" MODIFY ("POSITION" CONSTRAINT "POSITION_NN" NOT NULL ENABLE);
  ALTER TABLE "PROJECT502"."STAFF" MODIFY ("PASSWORD" CONSTRAINT "PASSWORD_NN" NOT NULL ENABLE);
  ALTER TABLE "PROJECT502"."STAFF" MODIFY ("HIRE_DATE" CONSTRAINT "HIRE_DATE_NN" NOT NULL ENABLE);
  ALTER TABLE "PROJECT502"."STAFF" MODIFY ("SALARY" CONSTRAINT "SALARY_NN" NOT NULL ENABLE);
  ALTER TABLE "PROJECT502"."STAFF" MODIFY ("PHONE_NUMBER" CONSTRAINT "PHONE_NUMBER_NN" NOT NULL ENABLE);
  ALTER TABLE "PROJECT502"."STAFF" MODIFY ("LAST_NAME" CONSTRAINT "LAST_NAME_NN" NOT NULL ENABLE);
  ALTER TABLE "PROJECT502"."STAFF" MODIFY ("FIRST_NAME" CONSTRAINT "FIRST_NAME_NN" NOT NULL ENABLE);
--------------------------------------------------------
--  Constraints for Table SUPPLIER
--------------------------------------------------------

  ALTER TABLE "PROJECT502"."SUPPLIER" ADD CONSTRAINT "SUPPLIER_ID_PK" PRIMARY KEY ("SUPPLIER_ID")
  USING INDEX PCTFREE 10 INITRANS 2 MAXTRANS 255 COMPUTE STATISTICS 
  STORAGE(INITIAL 65536 NEXT 1048576 MINEXTENTS 1 MAXEXTENTS 2147483645
  PCTINCREASE 0 FREELISTS 1 FREELIST GROUPS 1 BUFFER_POOL DEFAULT FLASH_CACHE DEFAULT CELL_FLASH_CACHE DEFAULT)
  TABLESPACE "SYSTEM"  ENABLE;
  ALTER TABLE "PROJECT502"."SUPPLIER" MODIFY ("PHONE_NUMBER" CONSTRAINT "SP_PHONE_NUMBER_NN" NOT NULL ENABLE);
  ALTER TABLE "PROJECT502"."SUPPLIER" MODIFY ("CONTACT_PERSON" CONSTRAINT "CONTACT_PERSON_NN" NOT NULL ENABLE);
  ALTER TABLE "PROJECT502"."SUPPLIER" MODIFY ("SUPPLIER_ADDRESS" CONSTRAINT "SUPPLIER_ADDRESS_NN" NOT NULL ENABLE);
  ALTER TABLE "PROJECT502"."SUPPLIER" MODIFY ("SUPPLIER_NAME" CONSTRAINT "SUPPLIER_NAME_NN" NOT NULL ENABLE);
--------------------------------------------------------
--  Ref Constraints for Table BOOK
--------------------------------------------------------

  ALTER TABLE "PROJECT502"."BOOK" ADD FOREIGN KEY ("SUPPLIER_ID")
	  REFERENCES "PROJECT502"."SUPPLIER" ("SUPPLIER_ID") ENABLE;
--------------------------------------------------------
--  Ref Constraints for Table INV_BOOK
--------------------------------------------------------

  ALTER TABLE "PROJECT502"."INV_BOOK" ADD FOREIGN KEY ("INVID")
	  REFERENCES "PROJECT502"."INVENTORY" ("INVID") ENABLE;
  ALTER TABLE "PROJECT502"."INV_BOOK" ADD FOREIGN KEY ("BOOKID")
	  REFERENCES "PROJECT502"."BOOK" ("BOOKID") ENABLE;
--------------------------------------------------------
--  Ref Constraints for Table INVENTORY
--------------------------------------------------------

  ALTER TABLE "PROJECT502"."INVENTORY" ADD FOREIGN KEY ("STAFFID")
	  REFERENCES "PROJECT502"."STAFF" ("STAFFID") ENABLE;
--------------------------------------------------------
--  Ref Constraints for Table MANAGER
--------------------------------------------------------

  ALTER TABLE "PROJECT502"."MANAGER" ADD FOREIGN KEY ("STAFFID")
	  REFERENCES "PROJECT502"."STAFF" ("STAFFID") ENABLE;
--------------------------------------------------------
--  Ref Constraints for Table STAFF
--------------------------------------------------------

  ALTER TABLE "PROJECT502"."STAFF" ADD CONSTRAINT "SUPERVISOR_ID_FK" FOREIGN KEY ("SUPERVISOR_ID")
	  REFERENCES "PROJECT502"."STAFF" ("STAFFID") ENABLE;
